method,seed,chunk,steps,lambda,J_c,profit,rejected_customers
Lagrangian d=2.0,0,1,250000,0.0,8.085270881652832,363.68035888671875,48.875
Lagrangian d=2.0,0,2,500000,0.0,8.957260131835938,359.8145446777344,50.5625
Lagrangian d=2.0,0,3,750000,0.0,5.889571189880371,387.5157470703125,54.875
Lagrangian d=2.0,0,4,1000000,0.0,8.891990661621094,356.72796630859375,47.6875
Lagrangian d=2.0,0,5,1250000,13.783981323242188,3.480203628540039,372.6297607421875,49.6875
Lagrangian d=2.0,0,6,1500000,16.744388580322266,2.7498886585235596,401.461181640625,47.75
Lagrangian d=2.0,0,7,1750000,18.244165897369385,3.799462080001831,382.1350402832031,48.5
Lagrangian d=2.0,0,8,2000000,21.843090057373047,3.7991843223571777,375.5213623046875,45.125
Lagrangian d=2.0,0,9,2250000,25.441458702087402,2.7950994968414307,370.4007873535156,52.0
Lagrangian d=2.0,0,10,2500000,27.031657695770264,3.2641677856445312,404.33953857421875,49.875
Lagrangian d=2.0,0,11,2750000,29.559993267059326,2.137704372406006,399.9172058105469,44.75
Lagrangian d=2.0,0,12,3000000,29.835402011871338,2.92878794670105,375.798583984375,49.3125
Lagrangian d=2.0,0,13,3250000,31.692977905273438,3.5045151710510254,403.85699462890625,53.0625
Lagrangian d=2.0,0,14,3500000,34.70200824737549,3.2518019676208496,388.67779541015625,47.5625
Lagrangian d=2.0,0,15,3750000,37.20561218261719,2.494234561920166,340.0039978027344,54.4375
Lagrangian d=2.0,0,16,4000000,38.19408130645752,3.0367658138275146,401.46600341796875,51.3125
Lagrangian d=2.0,0,17,4250000,40.26761293411255,3.648838520050049,360.97894287109375,52.3125
Lagrangian d=2.0,0,18,4500000,43.56528997421265,3.5432186126708984,359.46624755859375,50.875
Lagrangian d=2.0,0,19,4750000,46.65172719955444,2.9512274265289307,365.9435729980469,45.875
Lagrangian d=2.0,0,20,5000000,48.554182052612305,3.067866325378418,349.57611083984375,47.1875
Lagrangian d=2.0,0,21,5250000,50.68991470336914,3.268944501876831,392.1216125488281,48.875
Lagrangian d=2.0,0,22,5500000,53.2278037071228,3.260030746459961,367.11676025390625,55.5625
Lagrangian d=2.0,0,23,5750000,55.747865200042725,4.718770503997803,381.959716796875,52.5625
Lagrangian d=2.0,0,24,6000000,61.18540620803833,2.5276172161102295,375.344970703125,49.5
Lagrangian d=2.0,0,25,6250000,62.24064064025879,3.315465211868286,391.89263916015625,50.75
Lagrangian d=2.0,0,26,6500000,64.87157106399536,2.788917064666748,377.6973876953125,48.875
Lagrangian d=2.0,0,27,6750000,66.44940519332886,2.6599740982055664,351.9140319824219,54.6875
Lagrangian d=2.0,0,28,7000000,67.76935338973999,2.131800651550293,367.8285827636719,53.4375
Lagrangian d=2.0,0,29,7250000,68.03295469284058,2.4994215965270996,375.642822265625,44.75
Lagrangian d=2.0,0,30,7500000,69.03179788589478,2.925659656524658,364.6119689941406,50.625
Lagrangian d=2.0,0,31,7750000,70.88311719894409,1.5179325342178345,372.6576232910156,50.0625
Lagrangian d=2.0,0,32,8000000,69.91898226737976,2.043044328689575,389.9223327636719,53.75
Lagrangian d=2.0,0,33,8250000,70.00507092475891,1.8864402770996094,392.6575012207031,44.9375
Lagrangian d=2.0,0,34,8500000,69.77795147895813,2.023005723953247,341.6479797363281,51.375
Lagrangian d=2.0,0,35,8750000,69.82396292686462,1.8793964385986328,382.3636169433594,50.25
Lagrangian d=2.0,0,36,9000000,69.58275580406189,2.095989465713501,357.75494384765625,52.75
Lagrangian d=2.0,0,37,9250000,69.77473473548889,1.597784399986267,367.1703796386719,55.625
Lagrangian d=2.0,0,38,9500000,68.97030353546143,2.749523162841797,376.8656311035156,53.1875
Lagrangian d=2.0,0,39,9750000,70.46934986114502,2.2123007774353027,403.8276672363281,43.625
Lagrangian d=2.0,0,40,10000000,70.89395141601562,2.0380427837371826,384.3772888183594,47.0
